Time,0
Left angle,164.12825651302606
Right angle,164.12825651302606
Average angle,164.12825651302606
Baseline width,483.99352487470094
Volume,694704247.9696548