Time,0
Left angle,121.92384769539079
Right angle,121.92384769539079
Average angle,121.92384769539079
Baseline width,1060.031325415242
Volume,3378303998.1123753